MD,Incl.,Azim.,Sub-Sea,TVD,Local N Coord,Local E Coord,Global N Coord,Global E Coord,Dogleg,Vertical Section,Body_OD,Body_ID,Body_AvgJointLength,Stabilizer_Length,Stabilizer_OD,Stabilizer_ID,Weight,Coefficient of Friction,Minimum Yield Stress
100,0.3,108.18,117.368,100,-0.082,0.249,5089454.418,9691423.939,0.09,0.01,101.6,82.3,9.144,0.433,138.91,76.2,26.41,0.25,105
110,0.411,92.123,127.367,109.999,-0.091,0.309,5089454.409,9691423.999,0.445,0.02,101.6,82.3,9.144,0.433,138.91,76.2,26.41,0.25,105
120,0.36,88.348,137.367,119.999,-0.092,0.377,5089454.408,9691424.067,0.171,0.04,101.6,82.3,9.144,0.433,138.91,76.2,26.41,0.25,105
130,0.273,93.81,147.367,129.999,-0.092,0.432,5089454.408,9691424.122,0.275,0.06,101.6,82.3,9.144,0.433,138.91,76.2,26.41,0.25,105
140,0.263,104.222,157.367,139.999,-0.1,0.478,5089454.4,9691424.168,0.149,0.07,101.6,82.3,9.144,0.433,138.91,76.2,26.41,0.25,105
150,0.3,112.086,167.367,149.999,-0.115,0.525,5089454.385,9691424.215,0.16,0.07,101.6,82.3,9.144,0.433,138.91,76.2,26.41,0.25,105
160,0.363,131.092,177.367,159.999,-0.146,0.573,5089454.354,9691424.263,0.378,0.06,101.6,82.3,9.144,0.433,138.91,76.2,26.41,0.25,105
170,0.407,127.936,187.366,169.998,-0.188,0.625,5089454.312,9691424.315,0.145,0.04,101.6,82.3,9.144,0.433,138.91,76.2,26.41,0.25,105
180,0.577,123.17,197.366,179.998,-0.238,0.695,5089454.262,9691424.385,0.524,0.01,101.6,82.3,9.144,0.433,138.91,76.2,26.41,0.25,105
190,0.487,125.126,207.366,189.998,-0.29,0.772,5089454.21,9691424.462,0.275,-0.01,101.6,82.3,9.144,0.433,138.91,76.2,26.41,0.25,105
200,0.483,118.24,217.365,199.997,-0.334,0.843,5089454.166,9691424.533,0.175,-0.03,101.6,82.3,9.144,0.433,138.91,76.2,26.41,0.25,105
210,0.423,113.687,227.365,209.997,-0.369,0.914,5089454.131,9691424.604,0.21,-0.03,101.6,82.3,9.144,0.433,138.91,76.2,26.41,0.25,105
220,0.387,105.523,237.365,219.997,-0.393,0.981,5089454.107,9691424.671,0.205,-0.03,101.6,82.3,9.144,0.433,138.91,76.2,26.41,0.25,105
230,0.367,101.444,247.365,229.996,-0.408,1.045,5089454.092,9691424.735,0.1,-0.03,101.6,82.3,9.144,0.433,138.91,76.2,26.41,0.25,105
240,0.233,111.787,257.364,239.996,-0.422,1.095,5089454.078,9691424.785,0.43,-0.02,101.6,82.3,9.144,0.433,138.91,76.2,26.41,0.25,105
250,0.25,135.232,267.364,249.996,-0.445,1.129,5089454.055,9691424.819,0.299,-0.03,101.6,82.3,9.144,0.433,138.91,76.2,26.41,0.25,105
260,0.4,140.462,277.364,259.996,-0.487,1.167,5089454.013,9691424.857,0.458,-0.06,101.6,82.3,9.144,0.433,138.91,76.2,26.41,0.25,105
270,0.4,144.608,287.364,269.996,-0.543,1.209,5089453.957,9691424.899,0.087,-0.1,101.6,82.3,9.144,0.433,138.91,76.2,26.41,0.25,105
280,0.477,129.25,297.364,279.995,-0.598,1.262,5089453.902,9691424.952,0.419,-0.13,101.6,82.3,9.144,0.433,138.91,76.2,26.41,0.25,105
290,0.433,119.177,307.363,289.995,-0.642,1.327,5089453.858,9691425.017,0.272,-0.15,101.6,82.3,9.144,0.433,138.91,76.2,26.41,0.25,105
300,0.373,106.293,317.363,299.995,-0.67,1.391,5089453.83,9691425.081,0.325,-0.15,101.6,82.3,9.144,0.433,138.91,76.2,26.41,0.25,105
310,0.3,91.857,327.363,309.995,-0.68,1.449,5089453.82,9691425.139,0.335,-0.14,101.6,82.3,9.144,0.433,138.91,76.2,26.41,0.25,105
320,0.193,82.917,337.363,319.995,-0.679,1.491,5089453.821,9691425.181,0.339,-0.13,101.6,82.3,9.144,0.433,138.91,76.2,26.41,0.25,105
330,0.053,104.272,347.363,329.995,-0.678,1.513,5089453.822,9691425.203,0.435,-0.12,101.6,82.3,9.144,0.433,138.91,76.2,26.41,0.25,105
340,0.103,196.314,357.363,339.995,-0.688,1.515,5089453.812,9691425.205,0.354,-0.13,101.6,82.3,9.144,0.433,138.91,76.2,26.41,0.25,105
350,0.361,144.862,367.363,349.995,-0.722,1.53,5089453.778,9691425.22,0.923,-0.16,101.6,82.3,9.144,0.433,138.91,76.2,26.41,0.25,105
360,0.377,143.13,377.362,359.994,-0.774,1.568,5089453.726,9691425.258,0.058,-0.19,101.6,82.3,9.144,0.433,138.91,76.2,26.41,0.25,105
370,0.55,132.6,387.362,369.994,-0.833,1.623,5089453.667,9691425.313,0.577,-0.23,101.6,82.3,9.144,0.433,138.91,76.2,26.41,0.25,105
380,0.417,117.846,397.362,379.994,-0.882,1.691,5089453.618,9691425.381,0.544,-0.25,101.6,82.3,9.144,0.433,138.91,76.2,26.41,0.25,105
390,0.54,119.793,407.361,389.993,-0.923,1.764,5089453.577,9691425.454,0.373,-0.26,101.6,82.3,9.144,0.433,138.91,76.2,26.41,0.25,105
400,0.47,107.205,417.361,399.993,-0.958,1.844,5089453.542,9691425.534,0.392,-0.27,101.6,82.3,9.144,0.433,138.91,76.2,26.41,0.25,105
410,0.22,68.121,427.361,409.993,-0.963,1.901,5089453.537,9691425.591,0.989,-0.26,101.6,82.3,9.144,0.433,138.91,76.2,26.41,0.25,105
420,0.107,130.192,437.361,419.993,-0.962,1.926,5089453.538,9691425.616,0.583,-0.25,101.6,82.3,9.144,0.433,138.91,76.2,26.41,0.25,105
430,0.31,156.007,447.361,429.993,-0.993,1.944,5089453.507,9691425.634,0.657,-0.27,101.6,82.3,9.144,0.433,138.91,76.2,26.41,0.25,105
440,0.33,160.94,457.361,439.992,-1.045,1.964,5089453.455,9691425.654,0.102,-0.31,101.6,82.3,9.144,0.433,138.91,76.2,26.41,0.25,105
450,0.18,176.175,467.36,449.992,-1.088,1.975,5089453.412,9691425.665,0.49,-0.35,101.6,82.3,9.144,0.433,138.91,76.2,26.41,0.25,105
460,0.613,141.548,477.36,459.992,-1.145,2.009,5089453.355,9691425.699,1.429,-0.39,101.6,82.3,9.144,0.433,138.91,76.2,26.41,0.25,105
470,0.59,133.15,487.36,469.992,-1.222,2.08,5089453.278,9691425.77,0.273,-0.44,101.6,82.3,9.144,0.433,138.91,76.2,26.41,0.25,105
480,0.26,112.423,497.359,479.991,-1.266,2.138,5089453.234,9691425.828,1.076,-0.46,101.6,82.3,9.144,0.433,138.91,76.2,26.41,0.25,105
490,0.14,45.665,507.359,489.991,-1.266,2.168,5089453.234,9691425.858,0.725,-0.45,101.6,82.3,9.144,0.433,138.91,76.2,26.41,0.25,105
500,0.39,175.222,517.359,499.991,-1.292,2.18,5089453.208,9691425.87,1.473,-0.47,101.6,82.3,9.144,0.433,138.91,76.2,26.41,0.25,105
510,0.187,202.227,527.359,509.991,-1.341,2.176,5089453.159,9691425.866,0.718,-0.52,101.6,82.3,9.144,0.433,138.91,76.2,26.41,0.25,105
520,0.167,264.507,537.359,519.991,-1.357,2.156,5089453.143,9691425.846,0.551,-0.54,101.6,82.3,9.144,0.433,138.91,76.2,26.41,0.25,105
530,0.287,212.118,547.359,529.991,-1.38,2.128,5089453.12,9691425.818,0.682,-0.57,101.6,82.3,9.144,0.433,138.91,76.2,26.41,0.25,105
540,0.303,196.665,557.359,539.991,-1.426,2.107,5089453.074,9691425.797,0.243,-0.62,101.6,82.3,9.144,0.433,138.91,76.2,26.41,0.25,105
550,0.367,184.615,567.359,549.991,-1.484,2.097,5089453.016,9691425.787,0.283,-0.68,101.6,82.3,9.144,0.433,138.91,76.2,26.41,0.25,105
560,0.267,172.265,577.359,559.99,-1.539,2.097,5089452.961,9691425.787,0.362,-0.73,101.6,82.3,9.144,0.433,138.91,76.2,26.41,0.25,105
570,0.235,165.957,587.358,569.99,-1.581,2.106,5089452.919,9691425.796,0.126,-0.77,101.6,82.3,9.144,0.433,138.91,76.2,26.41,0.25,105
580,0.167,144.648,597.358,579.99,-1.613,2.119,5089452.887,9691425.809,0.3,-0.79,101.6,82.3,9.144,0.433,138.91,76.2,26.41,0.25,105
590,0.09,138.063,607.358,589.99,-1.631,2.133,5089452.869,9691425.823,0.234,-0.8,101.6,82.3,9.144,0.433,138.91,76.2,26.41,0.25,105
600,0.087,189.02,617.358,599.99,-1.644,2.137,5089452.856,9691425.827,0.228,-0.81,101.6,82.3,9.144,0.433,138.91,76.2,26.41,0.25,105
610,0.143,239.803,627.358,609.99,-1.658,2.125,5089452.842,9691425.815,0.333,-0.83,101.6,82.3,9.144,0.433,138.91,76.2,26.41,0.25,105
620,0.207,240.788,637.358,619.99,-1.673,2.098,5089452.827,9691425.788,0.19,-0.85,101.6,82.3,9.144,0.433,138.91,76.2,26.41,0.25,105
630,0.283,228.172,647.358,629.99,-1.698,2.064,5089452.802,9691425.754,0.28,-0.89,101.6,82.3,9.144,0.433,138.91,76.2,26.41,0.25,105
640,0.353,213.602,657.358,639.99,-1.741,2.028,5089452.759,9691425.718,0.319,-0.94,101.6,82.3,9.144,0.433,138.91,76.2,26.41,0.25,105
650,0.327,202.772,667.358,649.99,-1.793,2,5089452.707,9691425.69,0.208,-1,101.6,82.3,9.144,0.433,138.91,76.2,26.41,0.25,105
660,0.383,188.565,677.358,659.99,-1.852,1.984,5089452.648,9691425.674,0.313,-1.06,101.6,82.3,9.144,0.433,138.91,76.2,26.41,0.25,105
670,0.25,181.662,687.358,669.989,-1.907,1.979,5089452.593,9691425.669,0.415,-1.12,101.6,82.3,9.144,0.433,138.91,76.2,26.41,0.25,105
680,0.117,108.755,697.358,679.989,-1.932,1.988,5089452.568,9691425.678,0.729,-1.14,101.6,82.3,9.144,0.433,138.91,76.2,26.41,0.25,105
690,0.145,353.908,707.358,689.989,-1.923,1.996,5089452.577,9691425.686,0.663,-1.12,101.6,82.3,9.144,0.433,138.91,76.2,26.41,0.25,105
700,0.14,17.436,717.357,699.989,-1.898,1.998,5089452.602,9691425.688,0.175,-1.1,101.6,82.3,9.144,0.433,138.91,76.2,26.41,0.25,105
710,0.153,339.059,727.357,709.989,-1.874,1.997,5089452.626,9691425.687,0.292,-1.08,101.6,82.3,9.144,0.433,138.91,76.2,26.41,0.25,105
720,0.123,319.769,737.357,719.989,-1.853,1.986,5089452.647,9691425.676,0.165,-1.06,101.6,82.3,9.144,0.433,138.91,76.2,26.41,0.25,105
730,0.12,264.138,747.357,729.989,-1.846,1.968,5089452.654,9691425.658,0.341,-1.06,101.6,82.3,9.144,0.433,138.91,76.2,26.41,0.25,105
740,0.108,219.888,757.357,739.989,-1.855,1.952,5089452.645,9691425.642,0.26,-1.08,101.6,82.3,9.144,0.433,138.91,76.2,26.41,0.25,105
750,0.162,186.04,767.357,749.989,-1.876,1.944,5089452.624,9691425.634,0.281,-1.1,101.6,82.3,9.144,0.433,138.91,76.2,26.41,0.25,105
760,0.14,151.07,777.357,759.989,-1.901,1.949,5089452.599,9691425.639,0.279,-1.12,101.6,82.3,9.144,0.433,138.91,76.2,26.41,0.25,105
770,0.137,131.474,787.357,769.989,-1.919,1.963,5089452.581,9691425.653,0.142,-1.13,101.6,82.3,9.144,0.433,138.91,76.2,26.41,0.25,105
780,0.15,112.46,797.357,779.989,-1.932,1.984,5089452.568,9691425.674,0.147,-1.14,88.9,66.09,9.144,0.469,119.86,53.98,25.12,0.25,105
790,0.14,91.836,807.357,789.989,-1.938,2.009,5089452.562,9691425.699,0.159,-1.13,88.9,66.09,9.144,0.469,119.86,53.98,25.12,0.25,105
800,0.118,59.303,817.357,799.989,-1.933,2.03,5089452.567,9691425.72,0.226,-1.12,88.9,66.09,9.144,0.469,119.86,53.98,25.12,0.25,105
810,0.087,27.702,827.357,809.989,-1.921,2.042,5089452.579,9691425.732,0.191,-1.11,88.9,66.09,9.144,0.469,119.86,53.98,25.12,0.25,105
820,0.1,322.823,837.357,819.989,-1.907,2.04,5089452.593,9691425.73,0.302,-1.09,88.9,66.09,9.144,0.469,119.86,53.98,25.12,0.25,105
830,0.083,208.762,847.357,829.989,-1.906,2.032,5089452.594,9691425.722,0.462,-1.1,88.9,66.09,9.144,0.469,119.86,53.98,25.12,0.25,105
840,0.143,192.129,857.357,839.989,-1.925,2.026,5089452.575,9691425.716,0.203,-1.12,88.9,66.09,9.144,0.469,119.86,53.98,25.12,0.25,105
850,0.21,169.965,867.357,849.989,-1.955,2.026,5089452.545,9691425.716,0.283,-1.14,88.9,66.09,9.144,0.469,119.86,53.98,25.12,0.25,105
860,0.247,153.4,877.357,859.989,-1.993,2.039,5089452.507,9691425.729,0.225,-1.18,88.9,66.09,9.144,0.469,119.86,53.98,25.12,0.25,105
870,0.183,143.982,887.357,869.989,-2.025,2.058,5089452.475,9691425.748,0.217,-1.2,88.9,66.09,9.144,0.469,119.86,53.98,25.12,0.25,105
880,0.2,124.963,897.357,879.989,-2.048,2.082,5089452.452,9691425.772,0.196,-1.21,88.9,66.09,9.144,0.469,119.86,53.98,25.12,0.25,105
890,0.257,109.55,907.357,889.989,-2.065,2.117,5089452.435,9691425.807,0.249,-1.22,88.9,66.09,9.144,0.469,119.86,53.98,25.12,0.25,105
900,0.207,94.312,917.357,899.989,-2.074,2.156,5089452.426,9691425.846,0.237,-1.21,88.9,66.09,9.144,0.469,119.86,53.98,25.12,0.25,105
910,0.157,86.118,927.357,909.989,-2.075,2.188,5089452.425,9691425.878,0.169,-1.2,88.9,66.09,9.144,0.469,119.86,53.98,25.12,0.25,105
920,0.128,83.301,937.357,919.989,-2.072,2.213,5089452.428,9691425.903,0.089,-1.19,88.9,66.09,9.144,0.469,119.86,53.98,25.12,0.25,105
930,0.23,181.109,947.357,929.989,-2.091,2.223,5089452.409,9691425.913,0.834,-1.2,88.9,66.09,9.144,0.469,119.86,53.98,25.12,0.25,105
940,0.08,277.324,957.357,939.988,-2.11,2.216,5089452.39,9691425.906,0.755,-1.23,88.9,66.09,9.144,0.469,119.86,53.98,25.12,0.25,105
950,0.123,191.492,967.357,949.988,-2.12,2.207,5089452.38,9691425.897,0.426,-1.24,88.9,66.09,9.144,0.469,119.86,53.98,25.12,0.25,105
960,0.31,141.273,977.357,959.988,-2.152,2.222,5089452.348,9691425.912,0.749,-1.26,88.9,66.09,9.144,0.469,119.86,53.98,25.12,0.25,105
970,0.34,131.398,987.356,969.988,-2.192,2.261,5089452.308,9691425.951,0.19,-1.29,88.9,66.09,9.144,0.469,119.86,53.98,25.12,0.25,105
980,0.087,147.128,997.356,979.988,-2.218,2.287,5089452.282,9691425.977,0.773,-1.3,88.9,66.09,9.144,0.469,119.86,53.98,25.12,0.25,105
990,0.453,160.772,1007.356,989.988,-2.262,2.304,5089452.238,9691425.994,1.109,-1.34,88.9,66.09,9.144,0.469,119.86,53.98,25.12,0.25,105
1000,0.623,96.364,1017.356,999.988,-2.305,2.371,5089452.195,9691426.061,1.775,-1.36,88.9,66.09,9.144,0.469,119.86,53.98,25.12,0.25,105
1010,0.432,171.271,1027.355,1009.987,-2.349,2.431,5089452.151,9691426.121,1.978,-1.38,88.9,66.09,9.144,0.469,119.86,53.98,25.12,0.25,105
1020,0.49,183.61,1037.355,1019.987,-2.433,2.427,5089452.067,9691426.117,0.344,-1.46,88.9,66.09,9.144,0.469,119.86,53.98,25.12,0.25,105
1030,0.491,184.86,1047.355,1029.987,-2.518,2.42,5089451.982,9691426.11,0.032,-1.54,88.9,66.09,9.144,0.469,119.86,53.98,25.12,0.25,105
1040,0.492,185.542,1057.354,1039.986,-2.604,2.412,5089451.896,9691426.102,0.018,-1.62,88.9,66.09,9.144,0.469,119.86,53.98,25.12,0.25,105
1050,0.492,186.222,1067.354,1049.986,-2.689,2.404,5089451.811,9691426.094,0.018,-1.71,88.9,66.09,9.144,0.469,119.86,53.98,25.12,0.25,105
1060,0.493,186.9,1077.354,1059.986,-2.775,2.394,5089451.725,9691426.084,0.018,-1.79,88.9,66.09,9.144,0.469,119.86,53.98,25.12,0.25,105
1070,0.494,187.576,1087.353,1069.985,-2.86,2.383,5089451.64,9691426.073,0.018,-1.87,88.9,66.09,9.144,0.469,119.86,53.98,25.12,0.25,105
1080,0.495,188.249,1097.353,1079.985,-2.946,2.371,5089451.554,9691426.061,0.018,-1.96,88.9,66.09,9.144,0.469,119.86,53.98,25.12,0.25,105
1090,0.496,188.919,1107.353,1089.984,-3.031,2.358,5089451.469,9691426.048,0.018,-2.04,88.9,66.09,9.144,0.469,119.86,53.98,25.12,0.25,105
1100,0.497,189.587,1117.352,1099.984,-3.117,2.344,5089451.383,9691426.034,0.018,-2.13,88.9,66.09,9.144,0.469,119.86,53.98,25.12,0.25,105
1110,0.498,190.252,1127.352,1109.984,-3.202,2.329,5089451.298,9691426.019,0.018,-2.21,88.9,66.09,9.144,0.469,119.86,53.98,25.12,0.25,105
1120,0.5,190.913,1137.351,1119.983,-3.288,2.313,5089451.212,9691426.003,0.018,-2.3,88.9,66.09,9.144,0.469,119.86,53.98,25.12,0.25,105
1130,0.488,190.377,1147.351,1129.983,-3.373,2.297,5089451.127,9691425.987,0.038,-2.38,88.9,66.09,9.144,0.469,119.86,53.98,25.12,0.25,105
1140,0.469,189.043,1157.351,1139.983,-3.455,2.283,5089451.045,9691425.973,0.067,-2.47,88.9,66.09,9.144,0.469,119.86,53.98,25.12,0.25,105
1150,0.45,187.596,1167.35,1149.982,-3.534,2.271,5089450.966,9691425.961,0.067,-2.54,88.9,66.09,9.144,0.469,119.86,53.98,25.12,0.25,105
1160,0.431,186.022,1177.35,1159.982,-3.611,2.262,5089450.889,9691425.952,0.067,-2.62,88.9,66.09,9.144,0.469,119.86,53.98,25.12,0.25,105
1170,0.413,184.307,1187.35,1169.982,-3.684,2.255,5089450.816,9691425.945,0.067,-2.69,88.9,66.09,9.144,0.469,119.86,53.98,25.12,0.25,105
1180,0.395,182.434,1197.35,1179.981,-3.754,2.251,5089450.746,9691425.941,0.067,-2.76,88.9,66.09,9.144,0.469,119.86,53.98,25.12,0.25,105
1190,0.377,180.386,1207.349,1189.981,-3.822,2.25,5089450.678,9691425.94,0.067,-2.82,88.9,66.09,9.144,0.469,119.86,53.98,25.12,0.25,105
1200,0.36,178.142,1217.349,1199.981,-3.886,2.25,5089450.614,9691425.94,0.067,-2.88,88.9,66.09,9.144,0.469,119.86,53.98,25.12,0.25,105
1210,0.344,175.681,1227.349,1209.981,-3.947,2.254,5089450.553,9691425.944,0.067,-2.94,88.9,66.09,9.144,0.469,119.86,53.98,25.12,0.25,105
1220,0.328,172.981,1237.349,1219.981,-4.006,2.259,5089450.494,9691425.949,0.067,-2.99,88.9,66.09,9.144,0.469,119.86,53.98,25.12,0.25,105
1230,0.314,170.019,1247.349,1229.98,-4.061,2.268,5089450.439,9691425.958,0.067,-3.04,88.9,66.09,9.144,0.469,119.86,53.98,25.12,0.25,105
1240,0.3,166.86,1257.348,1239.98,-4.114,2.278,5089450.386,9691425.968,0.065,-3.09,88.9,66.09,9.144,0.469,119.86,53.98,25.12,0.25,105
1250,0.286,171.754,1267.348,1249.98,-4.164,2.288,5089450.336,9691425.978,0.086,-3.13,88.9,66.09,9.144,0.469,119.86,53.98,25.12,0.25,105
1260,0.274,176.979,1277.348,1259.98,-4.212,2.293,5089450.288,9691425.983,0.084,-3.17,88.9,66.09,9.144,0.469,119.86,53.98,25.12,0.25,105
1270,0.265,182.622,1287.348,1269.98,-4.259,2.293,5089450.241,9691425.983,0.084,-3.22,88.9,66.09,9.144,0.469,119.86,53.98,25.12,0.25,105
1280,0.258,188.612,1297.348,1279.98,-4.305,2.288,5089450.195,9691425.978,0.084,-3.26,88.9,66.09,9.144,0.469,119.86,53.98,25.12,0.25,105
1290,0.254,194.843,1307.348,1289.98,-4.348,2.279,5089450.152,9691425.969,0.084,-3.31,88.9,66.09,9.144,0.469,119.86,53.98,25.12,0.25,105
1300,0.254,201.177,1317.348,1299.98,-4.39,2.266,5089450.11,9691425.956,0.084,-3.35,88.9,66.09,9.144,0.469,119.86,53.98,25.12,0.25,105
1310,0.256,207.46,1327.348,1309.98,-4.431,2.247,5089450.069,9691425.937,0.084,-3.4,88.9,66.09,9.144,0.469,119.86,53.98,25.12,0.25,105
1320,0.262,213.548,1337.348,1319.979,-4.47,2.224,5089450.03,9691425.914,0.084,-3.44,88.9,66.09,9.144,0.469,119.86,53.98,25.12,0.25,105
1330,0.27,219.322,1347.347,1329.979,-4.507,2.197,5089449.993,9691425.887,0.084,-3.48,88.9,66.09,9.144,0.469,119.86,53.98,25.12,0.25,105
1340,0.281,224.698,1357.347,1339.979,-4.543,2.165,5089449.957,9691425.855,0.084,-3.53,88.9,66.09,9.144,0.469,119.86,53.98,25.12,0.25,105
1350,0.295,229.632,1367.347,1349.979,-4.577,2.128,5089449.923,9691425.818,0.084,-3.57,88.9,66.09,9.144,0.469,119.86,53.98,25.12,0.25,105
1360,0.288,233.337,1377.347,1359.979,-4.609,2.087,5089449.891,9691425.777,0.06,-3.62,88.9,66.09,9.144,0.469,119.86,53.98,25.12,0.25,105
1370,0.27,236.844,1387.347,1369.979,-4.637,2.047,5089449.863,9691425.737,0.074,-3.66,88.9,66.09,9.144,0.469,119.86,53.98,25.12,0.25,105
1380,0.254,240.832,1397.347,1379.979,-4.66,2.008,5089449.84,9691425.698,0.074,-3.69,88.9,66.09,9.144,0.469,119.86,53.98,25.12,0.25,105
1390,0.238,245.36,1407.347,1389.979,-4.68,1.97,5089449.82,9691425.66,0.074,-3.72,88.9,66.09,9.144,0.469,119.86,53.98,25.12,0.25,105
1400,0.224,250.477,1417.347,1399.979,-4.695,1.933,5089449.805,9691425.623,0.074,-3.75,88.9,66.09,9.144,0.469,119.86,53.98,25.12,0.25,105
1410,0.213,256.207,1427.347,1409.979,-4.706,1.896,5089449.794,9691425.586,0.074,-3.77,88.9,66.09,9.144,0.469,119.86,53.98,25.12,0.25,105
1420,0.203,262.532,1437.347,1419.978,-4.713,1.861,5089449.787,9691425.551,0.074,-3.79,88.9,66.09,9.144,0.469,119.86,53.98,25.12,0.25,105
1430,0.197,269.373,1447.346,1429.978,-4.715,1.826,5089449.785,9691425.516,0.074,-3.81,88.9,66.09,9.144,0.469,119.86,53.98,25.12,0.25,105
1440,0.193,276.582,1457.346,1439.978,-4.714,1.792,5089449.786,9691425.482,0.074,-3.82,88.9,66.09,9.144,0.469,119.86,53.98,25.12,0.25,105
1450,0.193,283.948,1467.346,1449.978,-4.708,1.759,5089449.792,9691425.449,0.074,-3.82,88.9,66.09,9.144,0.469,119.86,53.98,25.12,0.25,105
1460,0.195,291.234,1477.346,1459.978,-4.697,1.727,5089449.803,9691425.417,0.074,-3.82,88.9,66.09,9.144,0.469,119.86,53.98,25.12,0.25,105
1470,0.2,297.36,1487.346,1469.978,-4.683,1.696,5089449.817,9691425.386,0.065,-3.82,88.9,66.09,9.144,0.469,119.86,53.98,25.12,0.25,105
1480,0.173,299.598,1497.346,1479.978,-4.668,1.667,5089449.832,9691425.357,0.083,-3.82,88.9,66.09,9.144,0.469,119.86,53.98,25.12,0.25,105
1490,0.15,302.254,1507.346,1489.978,-4.653,1.643,5089449.847,9691425.333,0.074,-3.81,88.9,66.09,9.144,0.469,119.86,53.98,25.12,0.25,105
1500,0.127,305.889,1517.346,1499.978,-4.64,1.623,5089449.86,9691425.313,0.074,-3.81,88.9,66.09,9.144,0.469,119.86,53.98,25.12,0.25,105
1510,0.104,311.113,1527.346,1509.978,-4.627,1.607,5089449.873,9691425.297,0.074,-3.8,88.9,66.09,9.144,0.469,119.86,53.98,25.12,0.25,105
1520,0.083,319.074,1537.346,1519.978,-4.616,1.596,5089449.884,9691425.286,0.074,-3.79,88.9,66.09,9.144,0.469,119.86,53.98,25.12,0.25,105
1530,0.065,331.945,1547.346,1529.978,-4.605,1.588,5089449.895,9691425.278,0.074,-3.78,88.9,66.09,9.144,0.469,119.86,53.98,25.12,0.25,105
1540,0.052,352.854,1557.346,1539.978,-4.596,1.585,5089449.904,9691425.275,0.074,-3.78,88.9,66.09,9.144,0.469,119.86,53.98,25.12,0.25,105
1550,0.049,20.955,1567.346,1549.978,-4.587,1.586,5089449.913,9691425.276,0.074,-3.77,88.9,66.09,9.144,0.469,119.86,53.98,25.12,0.25,105
1560,0.058,45.978,1577.346,1559.978,-4.58,1.591,5089449.92,9691425.281,0.074,-3.76,88.9,66.09,9.144,0.469,119.86,53.98,25.12,0.25,105
1570,0.074,62.248,1587.346,1569.978,-4.573,1.6,5089449.927,9691425.29,0.074,-3.75,88.9,66.09,9.144,0.469,119.86,53.98,25.12,0.25,105
1580,0.094,72.157,1597.346,1579.978,-4.568,1.614,5089449.932,9691425.304,0.074,-3.74,88.9,66.09,9.144,0.469,119.86,53.98,25.12,0.25,105
1590,0.105,70.61,1607.346,1589.978,-4.562,1.631,5089449.938,9691425.321,0.033,-3.73,88.9,66.09,9.144,0.469,119.86,53.98,25.12,0.25,105
1600,0.112,66.254,1617.346,1599.978,-4.555,1.648,5089449.945,9691425.338,0.033,-3.72,88.9,66.09,9.144,0.469,119.86,53.98,25.12,0.25,105
1610,0.12,62.455,1627.346,1609.978,-4.547,1.667,5089449.953,9691425.357,0.033,-3.7,88.9,66.09,9.144,0.469,119.86,53.98,25.12,0.25,105
1620,0.129,59.139,1637.346,1619.978,-4.536,1.686,5089449.964,9691425.376,0.033,-3.69,88.9,66.09,9.144,0.469,119.86,53.98,25.12,0.25,105
1630,0.137,56.239,1647.346,1629.978,-4.524,1.705,5089449.976,9691425.395,0.033,-3.67,88.9,66.09,9.144,0.469,119.86,53.98,25.12,0.25,105
1640,0.147,53.692,1657.346,1639.978,-4.509,1.725,5089449.991,9691425.415,0.033,-3.65,88.9,66.09,9.144,0.469,119.86,53.98,25.12,0.25,105
1650,0.156,51.448,1667.346,1649.978,-4.493,1.746,5089450.007,9691425.436,0.033,-3.63,88.9,66.09,9.144,0.469,119.86,53.98,25.12,0.25,105
1660,0.165,49.46,1677.346,1659.978,-4.475,1.768,5089450.025,9691425.458,0.033,-3.6,88.9,66.09,9.144,0.469,119.86,53.98,25.12,0.25,105
1670,0.175,47.691,1687.346,1669.978,-4.456,1.79,5089450.044,9691425.48,0.033,-3.58,88.9,66.09,9.144,0.469,119.86,53.98,25.12,0.25,105
1680,0.185,46.11,1697.346,1679.978,-4.434,1.813,5089450.066,9691425.503,0.033,-3.55,88.9,66.09,9.144,0.469,119.86,53.98,25.12,0.25,105
1690,0.195,44.691,1707.346,1689.978,-4.411,1.837,5089450.089,9691425.527,0.033,-3.52,88.9,66.09,9.144,0.469,119.86,53.98,25.12,0.25,105
1700,0.2,44.06,1717.346,1699.978,-4.386,1.861,5089450.114,9691425.551,0.016,-3.49,88.9,66.09,9.144,0.469,119.86,53.98,25.12,0.25,105
1710,0.191,44.078,1727.346,1709.977,-4.362,1.885,5089450.138,9691425.575,0.026,-3.45,88.9,66.09,9.144,0.469,119.86,53.98,25.12,0.25,105
1720,0.186,44.09,1737.346,1719.977,-4.338,1.907,5089450.162,9691425.597,0.017,-3.42,88.9,66.09,9.144,0.469,119.86,53.98,25.12,0.25,105
1730,0.18,44.103,1747.345,1729.977,-4.315,1.93,5089450.185,9691425.62,0.017,-3.4,88.9,66.09,9.144,0.469,119.86,53.98,25.12,0.25,105
1740,0.174,44.117,1757.345,1739.977,-4.293,1.951,5089450.207,9691425.641,0.017,-3.37,88.9,66.09,9.144,0.469,119.86,53.98,25.12,0.25,105
1750,0.169,44.132,1767.345,1749.977,-4.272,1.972,5089450.228,9691425.662,0.017,-3.34,88.9,66.09,9.144,0.469,119.86,53.98,25.12,0.25,105
1760,0.163,44.149,1777.345,1759.977,-4.251,1.992,5089450.249,9691425.682,0.017,-3.31,88.9,66.09,9.144,0.469,119.86,53.98,25.12,0.25,105
1770,0.157,44.166,1787.345,1769.977,-4.231,2.012,5089450.269,9691425.702,0.017,-3.29,88.9,66.09,9.144,0.469,119.86,53.98,25.12,0.25,105
1780,0.152,44.184,1797.345,1779.977,-4.211,2.03,5089450.289,9691425.72,0.017,-3.26,88.9,66.09,9.144,0.469,119.86,53.98,25.12,0.25,105
1790,0.146,44.204,1807.345,1789.977,-4.193,2.049,5089450.307,9691425.739,0.017,-3.24,88.9,66.09,9.144,0.469,119.86,53.98,25.12,0.25,105
1800,0.14,44.226,1817.345,1799.977,-4.175,2.066,5089450.325,9691425.756,0.017,-3.22,88.9,66.09,9.144,0.469,119.86,53.98,25.12,0.25,105
1810,0.135,44.249,1827.345,1809.977,-4.158,2.083,5089450.342,9691425.773,0.017,-3.19,88.9,66.09,9.144,0.469,119.86,53.98,25.12,0.25,105
1820,0.129,44.275,1837.345,1819.977,-4.141,2.099,5089450.359,9691425.789,0.017,-3.17,88.9,66.09,9.144,0.469,119.86,53.98,25.12,0.25,105
1830,0.123,44.303,1847.345,1829.977,-4.126,2.114,5089450.374,9691425.804,0.017,-3.15,88.9,66.09,9.144,0.469,119.86,53.98,25.12,0.25,105
1835.74,0.12,44.32,1853.085,1835.717,-4.117,2.123,5089450.383,9691425.813,0.017,-3.14,88.9,66.09,9.144,0.469,119.86,53.98,25.12,0.25,105
1840,0.128,43.818,1857.345,1839.977,-4.11,2.129,5089450.39,9691425.819,0.059,-3.13,88.9,66.09,9.144,0.469,119.86,53.98,25.12,0.25,105
1840.9,0.13,43.72,1858.245,1840.877,-4.109,2.13,5089450.391,9691425.82,0.059,-3.13,88.9,66.09,9.144,0.469,119.86,53.98,25.12,0.25,105
1850,0.073,43.638,1867.345,1849.977,-4.097,2.142,5089450.403,9691425.832,0.188,-3.12,88.9,66.09,9.144,0.469,119.86,53.98,25.12,0.25,105
1850.5,0.07,43.63,1867.845,1850.477,-4.097,2.142,5089450.403,9691425.832,0.188,-3.12,88.9,66.09,9.144,0.469,119.86,53.98,25.12,0.25,105
1860,0.149,120.416,1877.345,1859.977,-4.099,2.157,5089450.401,9691425.847,0.471,-3.11,88.9,66.09,9.144,0.469,119.86,53.98,25.12,0.25,105
1860.1,0.15,120.69,1877.445,1860.077,-4.099,2.157,5089450.401,9691425.847,0.471,-3.11,88.9,66.09,9.144,0.469,119.86,53.98,25.12,0.25,105
1869.6,0.21,44.61,1886.945,1869.577,-4.093,2.18,5089450.407,9691425.87,0.716,-3.1,88.9,66.09,9.144,0.469,119.86,53.98,25.12,0.25,105
1870,0.283,38.267,1887.345,1869.977,-4.091,2.181,5089450.409,9691425.871,5.802,-3.1,88.9,66.09,9.144,0.469,119.86,53.98,25.12,0.25,105
1879.3,2.07,23.16,1896.643,1879.275,-3.919,2.261,5089450.581,9691425.951,5.802,-2.91,88.9,66.09,9.144,0.469,119.86,53.98,25.12,0.25,105
1880,2.211,22.973,1897.342,1879.974,-3.895,2.271,5089450.605,9691425.961,6.035,-2.88,88.9,66.09,9.144,0.469,119.86,53.98,25.12,0.25,105
1888.9,4,21.74,1906.229,1888.861,-3.448,2.453,5089451.052,9691426.143,6.035,-2.4,88.9,66.09,9.144,0.469,119.86,53.98,25.12,0.25,105
1890,4.213,21.777,1907.326,1889.958,-3.375,2.483,5089451.125,9691426.173,5.809,-2.32,88.9,66.09,9.144,0.469,119.86,53.98,25.12,0.25,105
1898.3,5.82,21.97,1915.594,1898.226,-2.702,2.753,5089451.798,9691426.443,5.809,-1.6,88.9,66.09,9.144,0.469,119.86,53.98,25.12,0.25,105
1900,5.899,21.535,1917.285,1899.917,-2.541,2.818,5089451.959,9691426.508,1.598,-1.42,88.9,66.09,9.144,0.469,119.86,53.98,25.12,0.25,105
1907.9,6.27,19.66,1925.141,1907.772,-1.757,3.112,5089452.743,9691426.802,1.598,-0.59,88.9,66.09,9.144,0.469,119.86,53.98,25.12,0.25,105
1910,6.445,20.313,1927.228,1909.859,-1.538,3.191,5089452.962,9691426.881,2.708,-0.35,88.9,66.09,9.144,0.469,119.86,53.98,25.12,0.25,105
1917.3,7.06,22.33,1934.477,1917.109,-0.739,3.504,5089453.761,9691427.194,2.708,0.5,88.9,66.09,9.144,0.469,119.86,53.98,25.12,0.25,105
1920,7.434,22.441,1937.155,1919.787,-0.424,3.634,5089454.076,9691427.324,4.159,0.84,88.9,66.09,9.144,0.469,119.86,53.98,25.12,0.25,105
1926.9,8.39,22.68,1943.99,1926.621,0.453,3.998,5089454.953,9691427.688,4.159,1.79,88.9,66.09,9.144,0.469,119.86,53.98,25.12,0.25,105
1930,8.878,22.227,1947.054,1929.686,0.883,4.176,5089455.383,9691427.866,4.773,2.26,88.9,57.15,9.144,1.219,120.65,58.75,34.53,0.25,55
1936.6,9.92,21.41,1953.566,1936.198,1.884,4.576,5089456.384,9691428.266,4.773,3.33,88.9,57.15,9.144,1.219,120.65,58.75,34.53,0.25,55
1940,10.527,21.876,1956.912,1939.544,2.445,4.799,5089456.945,9691428.489,5.407,3.94,88.9,57.15,9.144,1.219,120.65,58.75,34.53,0.25,55
1946,11.6,22.58,1962.8,1945.432,3.51,5.234,5089458.01,9691428.924,5.407,5.09,88.9,57.15,9.144,1.219,120.65,58.75,34.53,0.25,55
1950,12.298,21.95,1966.713,1949.345,4.277,5.548,5089458.777,9691429.238,5.326,5.92,88.9,57.15,9.144,1.219,120.65,58.75,34.53,0.25,55
1955.5,13.26,21.19,1972.077,1954.709,5.408,5.995,5089459.908,9691429.685,5.326,7.13,88.9,57.15,9.144,1.219,120.65,58.75,34.53,0.25,55
1960,13.859,21.77,1976.452,1959.084,6.39,6.382,5089460.89,9691430.072,4.097,8.19,120.65,50.8,9.144,1.219,120.65,58.75,73.83,0.25,110
1965.1,14.54,22.37,1981.396,1964.028,7.549,6.852,5089462.049,9691430.542,4.097,9.44,120.65,50.8,9.144,1.219,120.65,58.75,73.83,0.25,110
1970,15.205,22.037,1986.132,1968.764,8.714,7.327,5089463.214,9691431.017,4.106,10.69,120.65,50.8,9.144,1.219,120.65,58.75,73.83,0.25,110
1974.6,15.83,21.75,1990.564,1973.196,9.856,7.786,5089464.356,9691431.476,4.106,11.92,120.65,50.8,9.144,1.219,120.65,58.75,73.83,0.25,110
1980,16.693,22.126,1995.748,1978.38,11.258,8.351,5089465.758,9691432.041,4.828,13.43,120.65,50.8,9.144,1.219,120.65,58.75,73.83,0.25,110
1984.3,17.38,22.4,1999.859,1982.491,12.424,8.828,5089466.924,9691432.518,4.828,14.69,120.65,50.8,9.144,1.219,120.65,58.75,73.83,0.25,110
1990,18.453,21.358,2005.283,1987.915,14.051,9.481,5089468.551,9691433.171,5.893,16.45,120.65,50.8,9.144,1.219,120.65,58.75,73.83,0.25,110
1993.9,19.19,20.71,2008.974,1991.606,15.226,9.933,5089469.726,9691433.623,5.893,17.7,120.65,50.8,9.144,1.219,120.65,58.75,73.83,0.25,110
2000,20.403,19.914,2014.714,1997.345,17.163,10.649,5089471.663,9691434.339,6.109,19.77,120.65,50.8,9.144,1.219,120.65,58.75,73.83,0.25,110
2003.3,21.06,19.52,2017.8,2000.432,18.263,11.043,5089472.763,9691434.733,6.109,20.94,120.65,50.8,9.144,1.219,120.65,58.75,73.83,0.25,110
2010,22.506,19.947,2024.021,2006.653,20.603,11.883,5089475.103,9691435.573,6.511,23.42,88.9,57.15,9.144,1.219,120.65,58.75,34.53,0.25,55
2012.8,23.11,20.11,2026.602,2009.234,21.623,12.255,5089476.123,9691435.945,6.511,24.51,88.9,57.15,9.144,1.219,120.65,58.75,34.53,0.25,55
2020,24.142,19.892,2033.199,2015.831,24.334,13.242,5089478.834,9691436.932,4.314,27.4,88.9,57.15,9.144,1.219,120.65,58.75,34.53,0.25,55
2022.5,24.5,19.82,2035.477,2018.109,25.303,13.591,5089479.803,9691437.281,4.314,28.42,88.9,57.15,9.144,1.219,120.65,58.75,34.53,0.25,55
2030,26.189,19.595,2042.255,2024.887,28.325,14.674,5089482.825,9691438.364,6.769,31.64,88.9,57.15,9.144,1.219,120.65,58.75,34.53,0.25,55
2032,26.64,19.54,2044.046,2026.678,29.163,14.972,5089483.663,9691438.662,6.769,32.52,88.9,57.15,9.144,1.219,120.65,58.75,34.53,0.25,55
2040,27.945,18.606,2051.155,2033.787,32.63,16.17,5089487.13,9691439.86,5.149,36.19,88.9,66.09,9.144,0.469,119.86,53.98,25.12,0.25,105
2041.5,28.19,18.44,2052.479,2035.111,33.299,16.394,5089487.799,9691440.084,5.149,36.9,88.9,66.09,9.144,0.469,119.86,53.98,25.12,0.25,105
2050,29.223,18.898,2059.934,2042.566,37.167,17.701,5089491.667,9691441.391,3.727,40.98,88.9,66.09,9.144,0.469,119.86,53.98,25.12,0.25,105
2050.8,29.32,18.94,2060.632,2043.264,37.537,17.828,5089492.037,9691441.518,3.727,41.37,88.9,66.09,9.144,0.469,119.86,53.98,25.12,0.25,105
2060,30.805,19.026,2068.594,2051.226,41.895,19.327,5089496.395,9691443.017,4.846,45.98,88.9,66.09,9.144,0.469,119.86,53.98,25.12,0.25,105
2060.4,30.87,19.03,2068.938,2051.569,42.089,19.394,5089496.589,9691443.084,4.846,46.18,88.9,66.09,9.144,0.469,119.86,53.98,25.12,0.3,105
2070,32.51,20.05,2077.106,2059.738,46.841,21.082,5089501.341,9691444.772,5.391,51.23,88.9,66.09,9.144,0.469,119.86,53.98,25.12,0.3,105
2079.6,34.39,20.26,2085.116,2067.747,51.808,22.905,5089506.308,9691446.595,5.886,56.52,88.9,66.09,9.144,0.469,119.86,53.98,25.12,0.3,105
2080,34.461,20.223,2085.446,2068.077,52.02,22.983,5089506.52,9691446.673,5.549,56.74,88.9,66.09,9.144,0.469,119.86,53.98,25.12,0.3,105
2089,36.06,19.42,2092.794,2075.426,56.908,24.744,5089511.408,9691448.434,5.549,61.94,88.9,66.09,9.144,0.469,119.86,53.98,25.12,0.3,105
2090,36.144,19.4,2093.602,2076.234,57.464,24.94,5089511.964,9691448.63,2.556,62.53,88.9,66.09,9.144,0.469,119.86,53.98,25.12,0.3,105
2098.6,36.87,19.23,2100.515,2083.147,62.292,26.632,5089516.792,9691450.322,2.556,67.64,88.9,66.09,9.144,0.469,119.86,53.98,25.12,0.3,105
2100,36.941,19.305,2101.634,2084.266,63.086,26.91,5089517.586,9691450.6,1.809,68.48,88.9,66.09,9.144,0.469,119.86,53.98,25.12,0.3,105
2108,37.35,19.73,2108.011,2090.643,67.639,28.524,5089522.139,9691452.214,1.809,73.32,88.9,66.09,9.144,0.469,119.86,53.98,25.12,0.3,105
2110,37.634,19.557,2109.598,2092.23,68.785,28.933,5089523.285,9691452.623,4.547,74.53,88.9,66.09,9.144,0.469,119.86,53.98,25.12,0.3,105
2120,39.059,18.723,2117.44,2100.072,74.647,30.966,5089529.147,9691454.656,4.547,80.74,88.9,66.09,9.144,0.469,119.86,53.98,25.12,0.3,105
2127,40.06,18.17,2122.837,2105.469,78.876,32.377,5089533.376,9691456.067,4.547,85.19,88.9,66.09,9.144,0.469,119.86,53.98,25.12,0.3,105
2130,40.579,17.601,2125.124,2107.756,80.723,32.973,5089535.223,9691456.663,6.363,87.13,88.9,66.09,9.144,0.469,119.86,53.98,25.12,0.3,105
2136.6,41.73,16.39,2130.094,2112.726,84.877,34.242,5089539.377,9691457.932,6.363,91.47,88.9,66.09,9.144,0.469,119.86,53.98,25.12,0.3,105
2140,42.435,16.43,2132.617,2115.249,87.063,34.886,5089541.563,9691458.576,6.226,93.74,88.9,66.09,9.144,0.469,119.86,53.98,25.12,0.3,105
2146.1,43.7,16.5,2137.073,2119.705,91.057,36.066,5089545.557,9691459.756,6.226,97.9,88.9,66.09,9.144,0.469,119.86,53.98,25.12,0.3,105
2150,44.541,16.67,2139.873,2122.505,93.659,36.841,5089548.159,9691460.531,6.531,100.61,88.9,66.09,9.144,0.469,119.86,53.98,25.12,0.3,105
2155.7,45.77,16.91,2143.893,2126.525,97.528,38.009,5089552.028,9691461.699,6.531,104.65,88.9,66.09,9.144,0.469,119.86,53.98,25.12,0.3,105
2160,46.715,17.436,2146.867,2129.498,100.495,38.926,5089554.995,9691462.616,7.103,107.75,88.9,66.09,9.144,0.469,119.86,53.98,25.12,0.3,105
2165.2,47.86,18.05,2150.394,2133.026,104.134,40.09,5089558.634,9691463.78,7.103,111.57,88.9,66.09,9.144,0.469,119.86,53.98,25.12,0.3,105
2170,48.748,17.931,2153.587,2136.218,107.543,41.197,5089562.043,9691464.887,5.581,115.15,88.9,66.09,9.144,0.469,119.86,53.98,25.12,0.3,105
2174.6,49.6,17.82,2156.594,2139.226,110.856,42.266,5089565.356,9691465.956,5.581,118.63,88.9,66.09,9.144,0.469,119.86,53.98,25.12,0.3,105
2180,50.39,18.292,2160.065,2142.697,114.788,43.548,5089569.288,9691467.238,4.825,122.76,88.9,66.09,9.144,0.469,119.86,53.98,25.12,0.3,105
2184.3,51.02,18.66,2162.788,2145.42,117.945,44.602,5089572.445,9691468.292,4.825,126.09,88.9,66.09,9.144,0.469,119.86,53.98,25.12,0.3,105
2190,51.841,18.24,2166.342,2148.974,122.172,46.013,5089576.672,9691469.703,4.653,130.54,88.9,66.09,9.144,0.469,119.86,53.98,25.12,0.3,105
2193.6,52.36,17.98,2168.554,2151.186,124.872,46.896,5089579.372,9691470.586,4.653,133.38,88.9,66.09,9.144,0.469,119.86,53.98,25.12,0.3,105
2200,52.965,18.913,2172.435,2155.067,129.699,48.506,5089584.199,9691472.196,4.487,138.47,88.9,66.09,9.144,0.469,119.86,53.98,25.12,0.3,105
2203.1,53.26,19.36,2174.296,2156.928,132.041,49.319,5089586.541,9691473.009,4.487,140.95,88.9,66.09,9.144,0.469,119.86,53.98,25.12,0.3,105
2210,53.633,20.213,2178.406,2161.037,137.257,51.195,5089591.757,9691474.885,3.392,146.49,88.9,66.09,9.144,0.469,119.86,53.98,25.12,0.3,105
2212.5,53.77,20.52,2179.886,2162.517,139.146,51.896,5089593.646,9691475.586,3.392,148.5,88.9,66.09,9.144,0.469,119.86,53.98,25.12,0.3,105
2220,54.739,20.794,2184.267,2166.899,144.841,54.044,5089599.341,9691477.734,3.976,154.59,88.9,66.09,9.144,0.469,119.86,53.98,25.12,0.3,105
2222.1,55.01,20.87,2185.475,2168.107,146.447,54.655,5089600.947,9691478.345,3.976,156.31,88.9,66.09,9.144,0.469,119.86,53.98,25.12,0.3,105
2230,56.68,21.341,2189.91,2172.542,152.545,57.009,5089607.045,9691480.699,6.513,162.84,88.9,66.09,9.144,0.469,119.86,53.98,25.12,0.3,105
2231.7,57.04,21.44,2190.84,2173.472,153.871,57.528,5089608.371,9691481.218,6.513,164.27,88.9,66.09,9.144,0.469,119.86,53.98,25.12,0.3,105
2240,58.753,21.113,2195.251,2177.883,160.422,60.079,5089614.922,9691483.769,6.272,171.3,88.9,57.2,9.45,1.219,127,57.2,40.21,0.3,55
2241.1,58.98,21.07,2195.819,2178.451,161.3,60.418,5089615.8,9691484.108,6.272,172.24,88.9,57.2,9.45,1.219,127,57.2,40.21,0.3,55
2250,60.38,21.506,2200.312,2182.944,168.459,63.207,5089622.959,9691486.897,4.886,179.92,88.9,57.2,9.45,1.219,127,57.2,40.21,0.3,55
2250.7,60.49,21.54,2200.658,2183.29,169.025,63.431,5089623.525,9691487.121,4.886,180.53,88.9,57.2,9.45,1.219,127,57.2,40.21,0.3,55
2260,61.925,21.223,2205.137,2187.769,176.614,66.402,5089631.114,9691490.092,4.713,188.67,88.9,57.2,9.45,1.219,127,57.2,40.21,0.3,55
2260.1,61.94,21.22,2205.184,2187.816,176.696,66.434,5089631.196,9691490.124,4.713,188.76,88.9,57.2,9.45,1.219,127,57.2,40.21,0.3,55
2269.7,63.87,21.44,2209.556,2192.188,184.657,69.542,5089639.157,9691493.232,6.062,197.31,120.65,50.8,10.058,1.219,127,57.2,73.84,0.3,110
2270,63.93,21.447,2209.688,2192.32,184.908,69.641,5089639.408,9691493.331,6.032,197.57,120.65,50.8,10.058,1.219,127,57.2,73.84,0.3,110
2279.3,65.79,21.66,2213.639,2196.271,192.738,72.734,5089647.238,9691496.424,6.032,205.99,88.9,57.15,9.14,1.219,120.65,58.75,34.53,0.3,55
2280,65.943,21.663,2213.925,2196.557,193.331,72.969,5089647.831,9691496.659,6.538,206.63,88.9,57.15,9.14,1.219,120.65,58.75,34.53,0.3,55
2288.8,67.86,21.7,2217.377,2200.009,200.853,75.96,5089655.353,9691499.65,6.538,214.72,88.9,57.15,9.14,1.219,120.65,58.75,34.53,0.3,55
2290,68.082,21.591,2217.827,2200.459,201.887,76.37,5089656.387,9691500.06,6.1,215.83,88.9,57.15,9.14,1.219,120.65,58.75,34.53,0.3,55
2298.4,69.64,20.84,2220.857,2203.489,209.19,79.205,5089663.69,9691502.895,6.1,223.66,88.9,57.15,9.14,1.219,120.65,58.75,34.53,0.3,55
2300,69.93,20.781,2221.41,2204.041,210.594,79.738,5089665.094,9691503.428,5.534,225.17,88.9,66.09,9.144,0.469,119.86,53.98,25.12,0.3,105
2308,71.38,20.49,2224.059,2206.691,217.658,82.399,5089672.158,9691506.089,5.534,232.71,88.9,66.09,9.144,0.469,119.86,53.98,25.12,0.3,105
2310,71.677,20.327,2224.693,2207.325,219.436,83.06,5089673.936,9691506.75,5.018,234.61,88.9,66.09,9.144,0.469,119.86,53.98,25.12,0.3,105
2317.5,72.79,19.72,2226.982,2209.614,226.146,85.505,5089680.646,9691509.195,5.018,241.75,88.9,66.09,9.144,0.469,119.86,53.98,25.12,0.3,105
2320,73.183,19.501,2227.713,2210.345,228.398,86.308,5089682.898,9691509.998,5.349,244.14,88.9,66.09,9.144,0.469,119.86,53.98,25.12,0.3,105
2326.9,74.27,18.9,2229.647,2212.279,234.653,88.486,5089689.153,9691512.176,5.349,250.77,88.9,66.09,9.144,0.469,119.86,53.98,25.12,0.3,105
2330,74.661,19.023,2230.477,2213.109,237.478,89.456,5089691.978,9691513.146,3.951,253.75,88.9,66.09,9.144,0.469,119.86,53.98,25.12,0.3,105
2336.5,75.48,19.28,2232.152,2214.783,243.411,91.517,5089697.911,9691515.207,3.951,260.03,88.9,66.09,9.144,0.469,119.86,53.98,25.12,0.3,105
2340,75.964,19.403,2233.015,2215.647,246.611,92.64,5089701.111,9691516.33,4.273,263.42,88.9,66.09,9.144,0.469,119.86,53.98,25.12,0.3,105
2345.9,76.78,19.61,2234.405,2217.037,252.016,94.555,5089706.516,9691518.245,4.273,269.16,88.9,66.09,9.144,0.469,119.86,53.98,25.12,0.3,105
2350,77.447,19.455,2235.319,2217.951,255.782,95.891,5089710.282,9691519.581,5,273.15,88.9,66.09,9.144,0.469,119.86,53.98,25.12,0.3,105
2360,79.072,19.082,2237.354,2219.986,265.024,99.122,5089719.524,9691522.812,5,282.94,88.9,66.09,9.144,0.469,119.86,53.98,25.12,0.3,105
2370,80.699,18.712,2239.11,2221.742,274.338,102.31,5089728.838,9691526,5,292.79,88.9,66.09,9.144,0.469,119.86,53.98,25.12,0.3,105
2380,82.326,18.346,2240.586,2223.218,283.716,105.453,5089738.216,9691529.143,5,302.67,88.9,66.09,9.144,0.469,119.86,53.98,25.12,0.3,105
2390,83.953,17.982,2241.781,2224.412,293.149,108.548,5089747.649,9691532.238,5,312.6,88.9,66.09,9.144,0.469,119.86,53.98,25.12,0.3,105
2400,85.58,17.621,2242.693,2225.325,302.63,111.592,5089757.13,9691535.282,5,322.55,88.9,66.09,9.144,0.469,119.86,53.98,25.12,0.3,105
2410,87.208,17.261,2243.322,2225.953,312.151,114.583,5089766.651,9691538.273,5,332.52,88.9,66.09,9.144,0.469,119.86,53.98,25.12,0.3,105
2420,88.835,16.902,2243.667,2226.299,321.704,117.519,5089776.204,9691541.209,5,342.5,88.9,66.09,9.144,0.469,119.86,53.98,25.12,0.3,105
2427.155,90,16.646,2243.739,2226.371,328.554,119.583,5089783.054,9691543.273,5,349.64,88.9,66.09,9.144,0.469,119.86,53.98,25.12,0.3,105
2430,90,16.93,2243.739,2226.371,331.278,120.405,5089785.778,9691544.095,3,352.48,88.9,66.09,9.144,0.469,119.86,53.98,25.12,0.3,105
2440,90,17.93,2243.739,2226.371,340.819,123.4,5089795.319,9691547.09,3,362.47,88.9,66.09,9.144,0.469,119.86,53.98,25.12,0.3,105
2450,90,18.93,2243.739,2226.371,350.306,126.562,5089804.806,9691550.252,3,372.47,88.9,66.09,9.144,0.469,119.86,53.98,25.12,0.3,105
2460,90,19.93,2243.739,2226.371,359.736,129.888,5089814.236,9691553.578,3,382.47,88.9,66.09,9.144,0.469,119.86,53.98,25.12,0.3,105
2461.797,90,20.11,2243.739,2226.371,361.425,130.504,5089815.925,9691554.194,3,384.26,88.9,66.09,9.144,0.469,119.86,53.98,25.12,0.3,105
2470,90,20.11,2243.739,2226.371,369.127,133.324,5089823.627,9691557.014,0,392.47,88.9,66.09,9.144,0.469,119.86,53.98,25.12,0.3,105
2480,90,20.11,2243.739,2226.371,378.518,136.762,5089833.018,9691560.452,0,402.47,88.9,66.09,9.144,0.469,119.86,53.98,25.12,0.3,105
2490,90,20.11,2243.739,2226.371,387.908,140.201,5089842.408,9691563.891,0,412.47,88.9,66.09,9.144,0.469,119.86,53.98,25.12,0.3,105
2500,90,20.11,2243.739,2226.371,397.298,143.639,5089851.798,9691567.329,0,422.47,88.9,66.09,9.144,0.469,119.86,53.98,25.12,0.3,105
2510,90,20.11,2243.739,2226.371,406.689,147.077,5089861.189,9691570.767,0,432.47,88.9,66.09,9.144,0.469,119.86,53.98,25.12,0.3,105
2520,90,20.11,2243.739,2226.371,416.079,150.515,5089870.579,9691574.205,0,442.47,88.9,66.09,9.144,0.469,119.86,53.98,25.12,0.3,105
2530,90,20.11,2243.739,2226.371,425.469,153.953,5089879.969,9691577.643,0,452.47,88.9,66.09,9.144,0.469,119.86,53.98,25.12,0.3,105
2540,90,20.11,2243.739,2226.371,434.86,157.392,5089889.36,9691581.082,0,462.47,88.9,66.09,9.144,0.469,119.86,53.98,25.12,0.3,105
2550,90,20.11,2243.739,2226.371,444.25,160.83,5089898.75,9691584.52,0,472.47,88.9,66.09,9.144,0.469,119.86,53.98,25.12,0.3,105
2560,90,20.11,2243.739,2226.371,453.64,164.268,5089908.14,9691587.958,0,482.47,88.9,66.09,9.144,0.469,119.86,53.98,25.12,0.3,105
2570,90,20.11,2243.739,2226.371,463.031,167.706,5089917.531,9691591.396,0,492.47,88.9,66.09,9.144,0.469,119.86,53.98,25.12,0.3,105
2580,90,20.11,2243.739,2226.371,472.421,171.145,5089926.921,9691594.835,0,502.47,88.9,66.09,9.144,0.469,119.86,53.98,25.12,0.3,105
2590,90,20.11,2243.739,2226.371,481.811,174.583,5089936.311,9691598.273,0,512.47,88.9,66.09,9.144,0.469,119.86,53.98,25.12,0.3,105
2600,90,20.11,2243.739,2226.371,491.202,178.021,5089945.702,9691601.711,0,522.47,88.9,66.09,9.144,0.469,119.86,53.98,25.12,0.3,105
2610,90,20.11,2243.739,2226.371,500.592,181.459,5089955.092,9691605.149,0,532.47,88.9,66.09,9.144,0.469,119.86,53.98,25.12,0.3,105
2620,90,20.11,2243.739,2226.371,509.982,184.898,5089964.482,9691608.588,0,542.47,88.9,66.09,9.144,0.469,119.86,53.98,25.12,0.3,105
2630,90,20.11,2243.739,2226.371,519.373,188.336,5089973.873,9691612.026,0,552.47,88.9,66.09,9.144,0.469,119.86,53.98,25.12,0.3,105
2640,90,20.11,2243.739,2226.371,528.763,191.774,5089983.263,9691615.464,0,562.47,88.9,66.09,9.144,0.469,119.86,53.98,25.12,0.3,105
2650,90,20.11,2243.739,2226.371,538.153,195.212,5089992.653,9691618.902,0,572.47,88.9,66.09,9.144,0.469,119.86,53.98,25.12,0.3,105
2660,90,20.11,2243.739,2226.371,547.544,198.651,5090002.044,9691622.341,0,582.47,88.9,66.09,9.144,0.469,119.86,53.98,25.12,0.3,105
2670,90,20.11,2243.739,2226.371,556.934,202.089,5090011.434,9691625.779,0,592.47,88.9,66.09,9.144,0.469,119.86,53.98,25.12,0.3,105
2680,90,20.11,2243.739,2226.371,566.324,205.527,5090020.824,9691629.217,0,602.47,88.9,66.09,9.144,0.469,119.86,53.98,25.12,0.3,105
2690,90,20.11,2243.739,2226.371,575.715,208.965,5090030.215,9691632.655,0,612.47,88.9,66.09,9.144,0.469,119.86,53.98,25.12,0.3,105
2700,90,20.11,2243.739,2226.371,585.105,212.403,5090039.605,9691636.093,0,622.47,88.9,66.09,9.144,0.469,119.86,53.98,25.12,0.3,105
2710,90,20.11,2243.739,2226.371,594.496,215.842,5090048.996,9691639.532,0,632.47,88.9,66.09,9.144,0.469,119.86,53.98,25.12,0.3,105
2720,90,20.11,2243.739,2226.371,603.886,219.28,5090058.386,9691642.97,0,642.47,88.9,66.09,9.144,0.469,119.86,53.98,25.12,0.3,105
2730,90,20.11,2243.739,2226.371,613.276,222.718,5090067.776,9691646.408,0,652.47,88.9,66.09,9.144,0.469,119.86,53.98,25.12,0.3,105
2740,90,20.11,2243.739,2226.371,622.667,226.156,5090077.167,9691649.846,0,662.47,88.9,66.09,9.144,0.469,119.86,53.98,25.12,0.3,105
2750,90,20.11,2243.739,2226.371,632.057,229.595,5090086.557,9691653.285,0,672.47,88.9,66.09,9.144,0.469,119.86,53.98,25.12,0.3,105
2760,90,20.11,2243.739,2226.371,641.447,233.033,5090095.947,9691656.723,0,682.47,88.9,66.09,9.144,0.469,119.86,53.98,25.12,0.3,105
2770,90,20.11,2243.739,2226.371,650.838,236.471,5090105.338,9691660.161,0,692.47,88.9,66.09,9.144,0.469,119.86,53.98,25.12,0.3,105
2780,90,20.11,2243.739,2226.371,660.228,239.909,5090114.728,9691663.599,0,702.47,88.9,66.09,9.144,0.469,119.86,53.98,25.12,0.3,105
2790,90,20.11,2243.739,2226.371,669.618,243.348,5090124.118,9691667.038,0,712.47,88.9,66.09,9.144,0.469,119.86,53.98,25.12,0.3,105
2800,90,20.11,2243.739,2226.371,679.009,246.786,5090133.509,9691670.476,0,722.47,88.9,66.09,9.144,0.469,119.86,53.98,25.12,0.3,105
2810,90,20.11,2243.739,2226.371,688.399,250.224,5090142.899,9691673.914,0,732.47,88.9,66.09,9.144,0.469,119.86,53.98,25.12,0.3,105
2820,90,20.11,2243.739,2226.371,697.789,253.662,5090152.289,9691677.352,0,742.47,88.9,66.09,9.144,0.469,119.86,53.98,25.12,0.3,105
2830,90,20.11,2243.739,2226.371,707.18,257.101,5090161.68,9691680.791,0,752.47,88.9,66.09,9.144,0.469,119.86,53.98,25.12,0.3,105
2840,90,20.11,2243.739,2226.371,716.57,260.539,5090171.07,9691684.229,0,762.47,88.9,66.09,9.144,0.469,119.86,53.98,25.12,0.3,105
2850,90,20.11,2243.739,2226.371,725.96,263.977,5090180.46,9691687.667,0,772.47,88.9,66.09,9.144,0.469,119.86,53.98,25.12,0.3,105
2860,90,20.11,2243.739,2226.371,735.351,267.415,5090189.851,9691691.105,0,782.46,88.9,66.09,9.144,0.469,119.86,53.98,25.12,0.3,105
2870,90,20.11,2243.739,2226.371,744.741,270.854,5090199.241,9691694.544,0,792.46,88.9,66.09,9.144,0.469,119.86,53.98,25.12,0.3,105
2880,90,20.11,2243.739,2226.371,754.131,274.292,5090208.631,9691697.982,0,802.46,88.9,66.09,9.144,0.469,119.86,53.98,25.12,0.3,105
2890,90,20.11,2243.739,2226.371,763.522,277.73,5090218.022,9691701.42,0,812.46,88.9,66.09,9.144,0.469,119.86,53.98,25.12,0.3,105
2900,90,20.11,2243.739,2226.371,772.912,281.168,5090227.412,9691704.858,0,822.46,120.65,40.64,10.44,0.469,119.86,53.98,85.87,0.3,110
2910,90,20.11,2243.739,2226.371,782.302,284.606,5090236.802,9691708.296,0,832.46,120.65,40.64,9.1,0.469,119.86,53.98,85.87,0.3,105
2920,90,20.11,2243.739,2226.371,791.693,288.045,5090246.193,9691711.735,0,842.46,120.65,44.45,1.524,0.469,119.86,53.98,43.75,0.3,110
2927.227,90,20.11,2243.739,2226.371,798.479,290.53,5090252.979,9691714.22,0,849.69,120.65,63.5,7,0.469,119.86,53.98,57.37,0.3,110
